{
	"partitions" : [
		{
			"name" : "Top",
			"pins" : [
				{
					"name" : "n",
					"strict" : false
				},
				{
					"name" : "z",
					"strict" : false
				},
				{
					"name" : "v",
					"strict" : false
				},
				{
					"name" : "c",
					"strict" : false
				},
				{
					"name" : "h",
					"strict" : false
				},
				{
					"name" : "ACCAres[15]",
					"strict" : false
				},
				{
					"name" : "ACCAres[14]",
					"strict" : false
				},
				{
					"name" : "ACCAres[13]",
					"strict" : false
				},
				{
					"name" : "ACCAres[12]",
					"strict" : false
				},
				{
					"name" : "ACCAres[11]",
					"strict" : false
				},
				{
					"name" : "ACCAres[10]",
					"strict" : false
				},
				{
					"name" : "ACCAres[9]",
					"strict" : false
				},
				{
					"name" : "ACCAres[8]",
					"strict" : false
				},
				{
					"name" : "ACCAres[7]",
					"strict" : false
				},
				{
					"name" : "ACCAres[6]",
					"strict" : false
				},
				{
					"name" : "ACCAres[5]",
					"strict" : false
				},
				{
					"name" : "ACCAres[4]",
					"strict" : false
				},
				{
					"name" : "ACCAres[3]",
					"strict" : false
				},
				{
					"name" : "ACCAres[2]",
					"strict" : false
				},
				{
					"name" : "ACCAres[1]",
					"strict" : false
				},
				{
					"name" : "ACCAres[0]",
					"strict" : false
				},
				{
					"name" : "ACCBres[15]",
					"strict" : false
				},
				{
					"name" : "ACCBres[14]",
					"strict" : false
				},
				{
					"name" : "ACCBres[13]",
					"strict" : false
				},
				{
					"name" : "ACCBres[12]",
					"strict" : false
				},
				{
					"name" : "ACCBres[11]",
					"strict" : false
				},
				{
					"name" : "ACCBres[10]",
					"strict" : false
				},
				{
					"name" : "ACCBres[9]",
					"strict" : false
				},
				{
					"name" : "ACCBres[8]",
					"strict" : false
				},
				{
					"name" : "ACCBres[7]",
					"strict" : false
				},
				{
					"name" : "ACCBres[6]",
					"strict" : false
				},
				{
					"name" : "ACCBres[5]",
					"strict" : false
				},
				{
					"name" : "ACCBres[4]",
					"strict" : false
				},
				{
					"name" : "ACCBres[3]",
					"strict" : false
				},
				{
					"name" : "ACCBres[2]",
					"strict" : false
				},
				{
					"name" : "ACCBres[1]",
					"strict" : false
				},
				{
					"name" : "ACCBres[0]",
					"strict" : false
				},
				{
					"name" : "AUXres[15]",
					"strict" : false
				},
				{
					"name" : "AUXres[14]",
					"strict" : false
				},
				{
					"name" : "AUXres[13]",
					"strict" : false
				},
				{
					"name" : "AUXres[12]",
					"strict" : false
				},
				{
					"name" : "AUXres[11]",
					"strict" : false
				},
				{
					"name" : "AUXres[10]",
					"strict" : false
				},
				{
					"name" : "AUXres[9]",
					"strict" : false
				},
				{
					"name" : "AUXres[8]",
					"strict" : false
				},
				{
					"name" : "AUXres[7]",
					"strict" : false
				},
				{
					"name" : "AUXres[6]",
					"strict" : false
				},
				{
					"name" : "AUXres[5]",
					"strict" : false
				},
				{
					"name" : "AUXres[4]",
					"strict" : false
				},
				{
					"name" : "AUXres[3]",
					"strict" : false
				},
				{
					"name" : "AUXres[2]",
					"strict" : false
				},
				{
					"name" : "AUXres[1]",
					"strict" : false
				},
				{
					"name" : "AUXres[0]",
					"strict" : false
				},
				{
					"name" : "PC[15]",
					"strict" : false
				},
				{
					"name" : "PC[14]",
					"strict" : false
				},
				{
					"name" : "PC[13]",
					"strict" : false
				},
				{
					"name" : "PC[12]",
					"strict" : false
				},
				{
					"name" : "PC[11]",
					"strict" : false
				},
				{
					"name" : "PC[10]",
					"strict" : false
				},
				{
					"name" : "PC[9]",
					"strict" : false
				},
				{
					"name" : "PC[8]",
					"strict" : false
				},
				{
					"name" : "PC[7]",
					"strict" : false
				},
				{
					"name" : "PC[6]",
					"strict" : false
				},
				{
					"name" : "PC[5]",
					"strict" : false
				},
				{
					"name" : "PC[4]",
					"strict" : false
				},
				{
					"name" : "PC[3]",
					"strict" : false
				},
				{
					"name" : "PC[2]",
					"strict" : false
				},
				{
					"name" : "PC[1]",
					"strict" : false
				},
				{
					"name" : "PC[0]",
					"strict" : false
				},
				{
					"name" : "RELOJ",
					"strict" : false
				},
				{
					"name" : "RESET",
					"strict" : false
				}
			]
		}
	]
}